Salary,Position,DOB,Sex,MaritalDesc,CitizenDesc,HispanicLatino,RaceDesc,DateofHire,DateofTermination,TermReason,EmploymentStatus,Department,ManagerName,RecruitmentSource,PerformanceScore,EngagementSurvey,EmpSatisfaction,SpecialProjectsCount,LastPerformanceReview_Date,DaysLateLast30,Absences,IsMarried,IsTerminated,StartWorkAge,Tenure,TenureCategory,HasSpecialProject
62506,Production Technician I,1983-07-10,M,Single,US Citizen,No,White,2011-07-05,,N/A-StillEmployed,Active,Production,Michael Albert,LinkedIn,Exceeds,4.6,5,0,2019-01-17,0,1,No,No,28,7,Senior,No
104437,Sr. DBA,1975-05-05,M,Married,US Citizen,No,White,2015-03-30,2016-06-16,career change,Voluntarily Terminated,IT/IS,Simon Roup,Indeed,Fully Meets,4.96,3,6,2016-02-24,0,17,Yes,Yes,39,3,Mid,Yes
64955,Production Technician II,1988-09-19,F,Married,US Citizen,No,White,2011-07-05,2012-09-24,hours,Voluntarily Terminated,Production,Kissy Sullivan,LinkedIn,Fully Meets,3.02,3,0,2012-05-15,0,3,Yes,Yes,22,7,Senior,No
64991,Production Technician I,1988-09-27,F,Married,US Citizen,No,White,2008-01-07,,N/A-StillEmployed,Active,Production,Elijiah Gray,Indeed,Fully Meets,4.84,5,0,2019-01-03,0,15,Yes,No,19,10,Senior,No
50825,Production Technician I,1989-09-08,F,Divorced,US Citizen,No,White,2011-07-11,2016-09-06,return to school,Voluntarily Terminated,Production,Webster Butler,Google Search,Fully Meets,5.0,4,0,2016-02-01,0,2,No,Yes,21,7,Senior,No
57568,Production Technician I,1977-05-22,F,Single,US Citizen,No,White,2012-01-09,,N/A-StillEmployed,Active,Production,Amy Dunn,LinkedIn,Exceeds,5.0,5,0,2019-01-07,0,15,No,No,34,6,Senior,No
95660,Software Engineer,1979-05-24,F,Single,US Citizen,No,White,2014-11-10,,N/A-StillEmployed,Active,Software Engineering,Alex Sweetwater,LinkedIn,Fully Meets,3.04,3,4,2019-01-02,0,19,No,No,35,3,Mid,Yes
59365,Production Technician I,1983-02-18,M,Widowed,US Citizen,No,White,2013-09-30,,N/A-StillEmployed,Active,Production,Ketsia Liebig,Employee Referral,Fully Meets,5.0,4,0,2019-02-25,0,19,No,No,30,4,Mid,No
47837,Production Technician I,1970-02-11,F,Single,US Citizen,No,Black or African American,2009-07-06,,N/A-StillEmployed,Active,Production,Brannon Miller,Diversity Job Fair,Fully Meets,4.46,3,0,2019-01-25,0,4,No,No,39,9,Senior,No
50178,IT Support,1988-01-07,M,Divorced,US Citizen,No,White,2015-01-05,,N/A-StillEmployed,Active,IT/IS,Peter Monroe,Indeed,Fully Meets,5.0,5,6,2019-02-18,0,16,No,No,27,3,Mid,Yes
54670,Production Technician I,1974-01-12,F,Married,US Citizen,Yes,Black or African American,2011-01-10,2017-01-12,Another position,Voluntarily Terminated,Production,David Stanley,Diversity Job Fair,Fully Meets,4.2,4,0,2016-01-30,0,12,Yes,Yes,37,7,Senior,No
47211,Production Technician I,1974-02-21,M,Married,US Citizen,Yes,Black or African American,2012-04-02,2016-09-19,unhappy,Voluntarily Terminated,Production,Kissy Sullivan,Diversity Job Fair,Fully Meets,4.2,3,0,2016-05-06,0,15,Yes,Yes,38,6,Senior,No
92328,Data Analyst,1988-07-04,M,Divorced,US Citizen,No,Black or African American,2014-11-10,,N/A-StillEmployed,Active,IT/IS,Simon Roup,Diversity Job Fair,Exceeds,4.28,4,5,2019-02-25,0,9,No,No,26,3,Mid,Yes
58709,Production Technician I,1983-07-20,M,Single,US Citizen,No,Two or more races,2012-02-20,,N/A-StillEmployed,Active,Production,Kelley Spirea,Google Search,Fully Meets,4.6,4,0,2019-02-14,0,7,No,No,28,6,Senior,No
52505,Production Technician I,1977-07-15,M,Divorced,US Citizen,No,White,2012-09-24,2017-04-06,Another position,Voluntarily Terminated,Production,Michael Albert,On-line Web application,Fully Meets,5.0,5,0,2017-03-02,0,1,No,Yes,35,5,Mid,No
57834,Production Technician I,1981-10-18,M,Single,US Citizen,No,White,2011-02-21,2017-08-04,attendance,Terminated for Cause,Production,Kelley Spirea,Google Search,Fully Meets,5.0,4,0,2017-04-05,0,20,No,Yes,29,7,Senior,No
70131,Production Technician II,1966-04-17,F,Married,US Citizen,No,White,2016-07-21,,N/A-StillEmployed,Active,Production,Kelley Spirea,Employee Referral,Exceeds,4.4,3,0,2019-01-14,0,16,Yes,No,50,1,Junior,No
59026,Production Technician I,1970-10-27,F,Single,Eligible NonCitizen,No,White,2011-04-04,,N/A-StillEmployed,Active,Production,Elijiah Gray,Google Search,Fully Meets,5.0,5,0,2019-01-14,0,12,No,No,40,7,Senior,No
110000,Database Administrator,1986-04-04,F,Single,US Citizen,Yes,White,2014-07-07,2015-09-12,performance,Terminated for Cause,IT/IS,Simon Roup,Google Search,Fully Meets,4.5,4,5,2015-01-15,0,8,No,Yes,28,4,Mid,Yes
53250,Production Technician I,1979-04-06,M,Single,US Citizen,No,Asian,2013-07-08,,N/A-StillEmployed,Active,Production,Webster Butler,LinkedIn,Fully Meets,4.2,4,0,2019-01-11,0,13,No,No,34,5,Mid,No
51044,Production Technician I,1970-12-22,M,Single,US Citizen,Yes,White,2012-04-02,,N/A-StillEmployed,Active,Production,Amy Dunn,Google Search,Fully Meets,5.0,3,0,2019-01-14,0,13,No,No,41,6,Senior,No
64919,Production Technician I,1958-12-27,F,Divorced,US Citizen,No,Asian,2013-08-19,,N/A-StillEmployed,Active,Production,Ketsia Liebig,Indeed,Fully Meets,4.2,3,0,2019-01-10,0,2,No,No,54,4,Mid,No
62910,Production Technician I,1989-09-01,F,Married,US Citizen,No,White,2014-07-07,,N/A-StillEmployed,Active,Production,Brannon Miller,Indeed,Exceeds,5.0,3,0,2019-02-27,0,19,Yes,No,24,4,Mid,No
66441,Production Technician II,1990-09-21,F,Single,US Citizen,No,White,2011-04-04,,N/A-StillEmployed,Active,Production,Michael Albert,CareerBuilder,Needs Improvement,2.0,3,0,2019-02-27,2,3,No,No,20,7,Senior,No
57815,Production Technician II,1967-01-16,F,Single,US Citizen,No,White,2011-01-10,2014-04-04,career change,Voluntarily Terminated,Production,Elijiah Gray,Google Search,Fully Meets,4.8,5,0,2014-03-04,0,5,No,Yes,44,7,Senior,No
103613,Enterprise Architect,1964-07-30,M,Single,US Citizen,No,Black or African American,2014-02-17,2016-02-19,Learned that he is a gangster,Terminated for Cause,IT/IS,Simon Roup,LinkedIn,Fully Meets,3.5,5,7,2016-01-10,0,2,No,Yes,49,4,Mid,Yes
106367,Sr. Accountant,1987-04-04,F,Married,US Citizen,No,Black or African American,2015-02-16,,N/A-StillEmployed,Active,Admin Offices,Brandon R. LeBlanc,Diversity Job Fair,Fully Meets,5.0,4,3,2019-02-18,0,4,Yes,No,27,3,Mid,Yes
74312,Production Manager,1970-03-10,M,Single,US Citizen,No,Asian,2013-09-30,2014-08-07,retiring,Voluntarily Terminated,Production,Janet King,Indeed,Fully Meets,3.39,3,0,2014-02-20,0,14,No,Yes,43,4,Mid,No
53492,Production Technician I,1990-08-24,F,Married,US Citizen,No,White,2012-04-02,2013-06-15,Another position,Voluntarily Terminated,Production,David Stanley,Google Search,Fully Meets,3.35,4,0,2013-03-04,0,6,Yes,Yes,21,6,Senior,No
63000,Accountant I,1987-11-24,F,Married,US Citizen,No,Black or African American,2008-10-27,,N/A-StillEmployed,Active,Admin Offices,Brandon R. LeBlanc,Diversity Job Fair,Fully Meets,4.5,2,6,2019-01-15,0,14,Yes,No,20,9,Senior,Yes
65288,Production Technician II,1983-07-28,M,Single,US Citizen,No,White,2014-09-29,,N/A-StillEmployed,Active,Production,Webster Butler,Google Search,Fully Meets,3.19,3,0,2019-02-01,0,9,No,No,31,3,Mid,No
64375,Production Technician I,1969-10-30,F,Separated,US Citizen,No,Black or African American,2013-11-11,,N/A-StillEmployed,Active,Production,Kissy Sullivan,Diversity Job Fair,Fully Meets,3.5,5,0,2019-01-21,0,17,No,No,44,4,Mid,No
74326,Area Sales Manager,1964-06-01,F,Married,Eligible NonCitizen,No,Black or African American,2011-08-15,2014-08-02,Another position,Voluntarily Terminated,Sales,John Smith,Google Search,Fully Meets,3.14,5,0,2013-02-10,1,19,Yes,Yes,47,6,Senior,No
63763,Production Technician II,1980-03-02,F,Single,US Citizen,No,Black or African American,2012-03-05,,N/A-StillEmployed,Active,Production,Amy Dunn,Employee Referral,Fully Meets,4.51,4,0,2019-02-21,0,3,No,No,32,6,Senior,No
62162,Production Technician II,1977-08-19,M,Married,US Citizen,No,White,2011-04-04,,N/A-StillEmployed,Active,Production,Ketsia Liebig,Indeed,Fully Meets,3.25,5,0,2019-01-14,0,15,Yes,No,33,7,Senior,No
77692,Software Engineering Manager,1966-11-22,M,Single,US Citizen,No,White,2011-08-15,,N/A-StillEmployed,Active,Software Engineering,Jennifer Zamora,Google Search,Fully Meets,3.84,3,5,2019-01-21,0,4,No,No,44,6,Senior,Yes
72640,Production Manager,1983-08-09,M,Single,US Citizen,No,White,2016-01-28,,N/A-StillEmployed,Active,Production,Janet King,Indeed,Exceeds,5.0,3,0,2019-02-22,0,14,No,No,32,2,Junior,No
93396,Software Engineer,1987-04-05,F,Single,US Citizen,No,White,2013-11-11,,N/A-StillEmployed,Active,Software Engineering,Alex Sweetwater,Indeed,Fully Meets,4.96,4,6,2019-01-30,0,3,No,No,26,4,Mid,Yes
52846,Production Technician I,1983-02-02,M,Single,US Citizen,No,Black or African American,2014-03-31,,N/A-StillEmployed,Active,Production,Kelley Spirea,LinkedIn,Fully Meets,4.43,3,0,2019-02-01,0,14,No,No,31,4,Mid,No
100031,Sr. DBA,1986-06-06,F,Single,US Citizen,No,Black or African American,2016-06-30,,N/A-StillEmployed,Active,IT/IS,Simon Roup,LinkedIn,Fully Meets,5.0,5,6,2019-02-18,0,7,No,No,30,2,Junior,Yes
71860,Area Sales Manager,1963-05-15,F,Single,US Citizen,No,White,2014-08-18,,N/A-StillEmployed,Active,Sales,John Smith,Indeed,Fully Meets,5.0,5,0,2019-01-21,0,7,No,No,51,3,Mid,No
61656,Production Technician I,1951-01-02,F,Single,US Citizen,No,White,2014-09-29,,N/A-StillEmployed,Active,Production,Michael Albert,Google Search,Fully Meets,5.0,4,0,2019-02-12,0,11,No,No,63,3,Mid,No
110929,BI Director,1972-02-09,M,Married,US Citizen,No,White,2016-09-06,,N/A-StillEmployed,Active,IT/IS,Jennifer Zamora,Indeed,Fully Meets,4.5,5,7,2019-01-15,0,8,Yes,No,44,1,Junior,Yes
54237,Production Technician I,1979-02-12,F,Single,US Citizen,No,White,2014-05-12,,N/A-StillEmployed,Active,Production,Elijiah Gray,Indeed,Fully Meets,3.3,4,0,2019-02-19,0,11,No,No,35,4,Mid,No
60380,Production Technician I,1983-08-24,M,Single,US Citizen,No,White,2013-07-08,,N/A-StillEmployed,Active,Production,Webster Butler,LinkedIn,Fully Meets,3.8,5,0,2019-01-14,0,4,No,No,29,5,Mid,No
66808,Area Sales Manager,1970-06-11,M,Single,Eligible NonCitizen,No,Black or African American,2012-05-14,,N/A-StillEmployed,Active,Sales,Lynn Daneault,Employee Referral,Fully Meets,3.0,5,0,2019-01-19,0,17,No,No,41,6,Senior,No
64786,Production Technician I,1983-08-27,F,Single,US Citizen,No,White,2011-06-27,2015-11-15,relocation out of area,Voluntarily Terminated,Production,Amy Dunn,Indeed,Fully Meets,4.3,4,0,2015-03-10,0,3,No,Yes,27,7,Senior,No
64816,Production Technician I,1988-05-31,F,Single,Non-Citizen,No,Black or African American,2011-10-03,,N/A-StillEmployed,Active,Production,Ketsia Liebig,Indeed,Fully Meets,3.58,5,0,2019-01-30,0,3,No,No,23,6,Senior,No
68678,IT Support,1985-09-05,M,Single,US Citizen,No,White,2012-09-05,,N/A-StillEmployed,Active,IT/IS,Eric Dougall,Indeed,Fully Meets,4.7,3,6,2019-02-27,0,2,No,No,27,5,Mid,Yes
64066,Production Technician II,1981-08-31,F,Married,US Citizen,No,White,2011-05-16,2013-01-07,unhappy,Voluntarily Terminated,Production,Brannon Miller,Google Search,Fully Meets,4.2,5,0,2012-05-03,0,9,Yes,Yes,29,7,Senior,No
59369,Production Technician II,1978-11-25,M,Married,US Citizen,No,White,2010-08-30,2011-09-26,career change,Voluntarily Terminated,Production,David Stanley,Indeed,Fully Meets,4.2,4,0,2011-05-04,0,6,Yes,Yes,31,7,Senior,No
50373,Production Technician I,1980-08-26,M,Married,US Citizen,No,White,2016-07-06,,N/A-StillEmployed,Active,Production,Brannon Miller,Employee Referral,Exceeds,4.1,4,0,2019-02-28,0,5,Yes,No,35,2,Junior,No
63108,Production Technician I,1977-09-08,M,Single,US Citizen,No,White,2013-07-08,,N/A-StillEmployed,Active,Production,David Stanley,Employee Referral,Fully Meets,4.4,5,0,2019-01-14,0,3,No,No,35,5,Mid,No
59144,Production Technician I,1979-08-12,M,Single,US Citizen,No,Black or African American,2011-07-11,2016-09-23,performance,Terminated for Cause,Production,Kissy Sullivan,LinkedIn,Needs Improvement,2.0,3,0,2016-05-01,5,16,No,Yes,31,7,Senior,No
68051,Production Manager,1975-12-17,M,Divorced,US Citizen,No,White,2010-07-20,,N/A-StillEmployed,Active,Production,Janet King,CareerBuilder,Needs Improvement,4.13,2,0,2019-01-14,3,3,No,No,34,7,Senior,No
170500,Director of Operations,1983-03-19,M,Single,US Citizen,No,Black or African American,2009-01-05,,N/A-StillEmployed,Active,Production,Janet King,Indeed,Exceeds,3.7,5,0,2019-02-04,0,15,No,No,25,9,Senior,No
63381,Production Technician I,1977-03-31,F,Married,US Citizen,Yes,White,2015-01-05,,N/A-StillEmployed,Active,Production,Kelley Spirea,Indeed,Fully Meets,4.73,5,0,2019-02-14,0,6,Yes,No,37,3,Mid,No
83552,Data Analyst,1986-08-26,M,Married,US Citizen,No,White,2015-03-30,,N/A-StillEmployed,Active,IT/IS,Simon Roup,Indeed,Fully Meets,3.04,3,6,2019-01-22,0,2,Yes,No,28,3,Mid,Yes
56149,Production Technician I,1987-04-10,F,Single,US Citizen,No,White,2016-07-06,,N/A-StillEmployed,Active,Production,Michael Albert,LinkedIn,Fully Meets,4.12,5,0,2019-01-28,0,15,No,No,29,2,Junior,No
92329,Sr. Network Engineer,1965-09-09,M,Single,US Citizen,No,White,2014-11-10,,N/A-StillEmployed,Active,IT/IS,Peter Monroe,Employee Referral,Fully Meets,5.0,3,4,2019-01-02,0,5,No,No,49,3,Mid,Yes
65729,Sales Manager,1990-04-19,F,Single,US Citizen,No,White,2014-05-05,,N/A-StillEmployed,Active,Sales,Debra Houlihan,Indeed,Fully Meets,4.62,4,0,2019-01-24,0,8,No,No,24,4,Mid,No
85028,Sr. Network Engineer,1952-01-18,F,Married,US Citizen,No,White,2014-11-10,,N/A-StillEmployed,Active,IT/IS,Peter Monroe,LinkedIn,Fully Meets,3.1,5,8,2019-02-12,0,19,Yes,No,62,3,Mid,Yes
57583,Production Technician I,1978-11-05,F,Married,US Citizen,No,White,2012-07-02,,N/A-StillEmployed,Active,Production,Elijiah Gray,Indeed,Fully Meets,5.0,3,0,2019-02-25,0,1,Yes,No,33,6,Senior,No
56294,Production Technician II,1979-09-14,M,Single,Eligible NonCitizen,No,Two or more races,2011-11-07,,N/A-StillEmployed,Active,Production,Kissy Sullivan,LinkedIn,Fully Meets,3.96,4,0,2019-02-27,0,6,No,No,32,6,Senior,No
56991,Production Technician I,1988-04-15,M,Married,US Citizen,No,White,2018-07-09,,N/A-StillEmployed,Active,Production,Brannon Miller,Indeed,Fully Meets,4.3,4,3,2019-01-31,2,2,Yes,No,30,0,Junior,Yes
55722,Production Technician I,1977-10-31,M,Married,US Citizen,No,White,2011-05-16,2016-06-08,unhappy,Voluntarily Terminated,Production,Webster Butler,Indeed,Fully Meets,5.0,4,0,2016-04-02,0,14,Yes,Yes,33,7,Senior,No
101199,Software Engineer,1979-07-05,F,Single,US Citizen,No,Black or African American,2012-01-09,,N/A-StillEmployed,Active,Software Engineering,Alex Sweetwater,CareerBuilder,Fully Meets,3.79,5,5,2019-01-25,0,8,No,No,32,6,Senior,Yes
61568,Area Sales Manager,1975-11-02,M,Single,US Citizen,No,Two or more races,2014-09-29,,N/A-StillEmployed,Active,Sales,John Smith,Indeed,PIP,1.93,3,0,2019-01-30,6,5,No,No,38,3,Mid,No
58275,Production Technician II,1951-02-25,F,Separated,US Citizen,No,Black or African American,2011-04-04,2015-11-04,more money,Voluntarily Terminated,Production,Kelley Spirea,Google Search,Fully Meets,4.62,5,0,2015-05-06,0,1,No,Yes,60,7,Senior,No
53189,Production Technician I,1967-04-19,M,Married,US Citizen,No,White,2014-07-07,,N/A-StillEmployed,Active,Production,Amy Dunn,Indeed,PIP,1.12,2,0,2019-01-31,4,9,Yes,No,47,4,Mid,No
96820,BI Developer,1983-09-04,M,Single,US Citizen,No,White,2017-02-15,,N/A-StillEmployed,Active,IT/IS,Brian Champaigne,Indeed,Fully Meets,3.01,5,7,2019-01-23,0,15,No,No,33,1,Junior,Yes
51259,Production Technician I,1982-11-15,M,Single,US Citizen,No,White,2014-05-12,,N/A-StillEmployed,Active,Production,Ketsia Liebig,Indeed,Fully Meets,4.3,4,0,2019-02-19,0,1,No,No,31,4,Mid,No
59231,Area Sales Manager,1987-05-14,F,Single,US Citizen,Yes,White,2012-02-20,,N/A-StillEmployed,Active,Sales,John Smith,Website,PIP,2.3,1,0,2019-01-29,2,17,No,No,24,6,Senior,No
61584,Production Technician I,1978-12-02,F,Married,US Citizen,No,Black or African American,2013-01-07,,N/A-StillEmployed,Active,Production,Brannon Miller,Indeed,Needs Improvement,3.88,4,0,2019-01-18,0,6,Yes,No,34,5,Mid,No
46335,Production Technician I,1986-10-07,F,Single,US Citizen,Yes,White,2012-04-02,,N/A-StillEmployed,Active,Production,David Stanley,CareerBuilder,Fully Meets,3.4,5,0,2019-02-19,0,15,No,No,25,6,Senior,No
70621,IT Support,1988-07-18,F,Married,US Citizen,No,White,2015-01-05,,N/A-StillEmployed,Active,IT/IS,Peter Monroe,Employee Referral,Fully Meets,4.11,4,6,2019-02-25,0,16,Yes,No,26,3,Mid,Yes
138888,IT Manager - Support,1970-07-09,M,Single,US Citizen,No,Black or African American,2014-01-05,,N/A-StillEmployed,Active,IT/IS,Jennifer Zamora,Indeed,Exceeds,4.3,5,5,2019-01-04,0,4,No,No,43,4,Mid,Yes
74241,Area Sales Manager,1988-11-08,F,Single,US Citizen,No,White,2011-01-10,,N/A-StillEmployed,Active,Sales,Lynn Daneault,Indeed,Exceeds,4.77,5,0,2019-01-27,0,14,No,No,22,7,Senior,No
75188,Production Manager,1973-11-28,F,Single,US Citizen,No,White,2014-09-18,,N/A-StillEmployed,Active,Production,Janet King,Google Search,Fully Meets,4.52,4,0,2019-01-15,0,4,No,No,40,3,Mid,No
62514,Production Technician I,1973-09-23,F,Married,US Citizen,No,White,2010-04-26,,N/A-StillEmployed,Active,Production,Ketsia Liebig,Google Search,Fully Meets,2.9,3,0,2019-01-21,0,6,Yes,No,36,8,Senior,No
60070,Production Technician I,1991-09-05,F,Married,US Citizen,No,White,2011-04-04,2017-06-06,military,Voluntarily Terminated,Production,Kissy Sullivan,Google Search,Fully Meets,5.0,3,0,2017-04-09,0,7,Yes,Yes,19,7,Senior,No
48888,Production Technician I,1974-05-31,M,Single,US Citizen,No,White,2014-11-10,,N/A-StillEmployed,Active,Production,Kelley Spirea,LinkedIn,Fully Meets,4.7,5,0,2019-02-13,0,8,No,No,40,3,Mid,No
54285,Production Technician I,1978-08-25,M,Married,US Citizen,No,White,2014-03-31,,N/A-StillEmployed,Active,Production,Kelley Spirea,Employee Referral,Fully Meets,4.2,3,0,2019-01-11,0,3,Yes,No,35,4,Mid,No
56847,Production Technician II,1989-08-25,F,Separated,US Citizen,No,White,2014-07-07,,N/A-StillEmployed,Active,Production,Michael Albert,Indeed,PIP,3.0,1,0,2019-02-25,2,5,No,No,24,4,Mid,No
60340,Production Technician I,1983-09-02,M,Single,US Citizen,No,White,2012-04-02,2018-09-27,attendance,Terminated for Cause,Production,Michael Albert,Google Search,Needs Improvement,5.0,4,0,2018-04-12,5,16,No,Yes,28,6,Senior,No
59124,Production Technician I,1989-05-06,F,Single,US Citizen,No,White,2014-02-17,2018-02-25,"no-call, no-show",Terminated for Cause,Production,Elijiah Gray,Google Search,Needs Improvement,2.3,3,0,2017-01-15,5,19,No,Yes,24,4,Mid,No
99280,Software Engineer,1987-05-15,F,Married,US Citizen,No,Black or African American,2011-05-02,2013-06-05,attendance,Terminated for Cause,Software Engineering,Alex Sweetwater,Indeed,Needs Improvement,2.1,5,4,2012-08-10,4,19,Yes,Yes,23,7,Senior,Yes
71776,Production Technician II,1978-09-22,F,Married,US Citizen,No,Black or African American,2014-07-07,,N/A-StillEmployed,Active,Production,Elijiah Gray,LinkedIn,Fully Meets,4.4,5,0,2019-02-22,0,17,Yes,No,35,4,Mid,No
65902,Production Technician II,1987-09-27,F,Single,US Citizen,No,Black or African American,2014-02-17,,N/A-StillEmployed,Active,Production,Webster Butler,LinkedIn,Fully Meets,4.0,4,0,2019-01-07,0,7,No,No,26,4,Mid,No
57748,Production Technician I,1955-04-14,F,Married,US Citizen,No,White,2011-11-07,2016-05-17,military,Voluntarily Terminated,Production,Webster Butler,Google Search,Fully Meets,3.13,3,0,2016-02-04,0,16,Yes,Yes,56,6,Senior,No
64057,Production Technician I,1989-10-18,M,Married,US Citizen,No,White,2015-05-11,,N/A-StillEmployed,Active,Production,Amy Dunn,Indeed,PIP,1.56,5,0,2019-01-03,6,15,Yes,No,25,3,Mid,No
53366,Network Engineer,1987-06-18,M,Single,US Citizen,No,White,2015-03-30,,N/A-StillEmployed,Active,IT/IS,Peter Monroe,LinkedIn,PIP,1.2,3,6,2019-02-04,3,2,No,No,27,3,Mid,Yes
58530,Production Technician I,1981-03-16,F,Married,US Citizen,No,White,2012-01-09,,N/A-StillEmployed,Active,Production,Brannon Miller,Google Search,Fully Meets,5.0,5,0,2019-01-29,0,19,Yes,No,30,6,Senior,No
72609,Production Technician II,1981-10-01,M,Single,US Citizen,Yes,White,2011-05-16,2013-06-24,hours,Voluntarily Terminated,Production,Amy Dunn,Google Search,Fully Meets,4.76,5,0,2013-04-05,0,20,No,Yes,29,7,Senior,No
55965,Production Technician II,1983-11-08,F,Married,US Citizen,No,White,2011-04-04,2013-01-09,career change,Voluntarily Terminated,Production,Ketsia Liebig,Google Search,Fully Meets,3.66,3,0,2012-01-07,0,6,Yes,Yes,27,7,Senior,No
70187,Area Sales Manager,1975-07-07,M,Married,US Citizen,No,White,2014-09-29,2018-08-19,Fatal attraction,Terminated for Cause,Sales,Lynn Daneault,Employee Referral,PIP,2.0,5,0,2019-01-28,4,7,Yes,Yes,39,3,Mid,No
178000,IT Director,1980-07-05,M,Single,US Citizen,No,Black or African American,2011-04-15,,N/A-StillEmployed,Active,IT/IS,Jennifer Zamora,Indeed,Exceeds,5.0,5,5,2019-01-07,0,15,No,No,30,7,Senior,Yes
99351,Sr. Accountant,1979-04-16,F,Married,US Citizen,No,White,2009-01-05,,N/A-StillEmployed,Active,Admin Offices,Board of Directors,Other,Fully Meets,5.0,3,2,2019-02-08,0,3,Yes,No,29,9,Senior,Yes
67251,Area Sales Manager,1963-08-28,M,Single,US Citizen,No,Black or African American,2011-09-06,,N/A-StillEmployed,Active,Sales,Lynn Daneault,CareerBuilder,Fully Meets,4.3,3,0,2019-01-27,2,7,No,No,48,6,Senior,No
65707,IT Support,1968-07-06,F,Single,US Citizen,No,White,2010-05-01,,N/A-StillEmployed,Active,IT/IS,Eric Dougall,LinkedIn,Fully Meets,4.7,4,5,2019-02-01,0,1,No,No,41,8,Senior,Yes
52249,Production Technician I,1985-09-15,M,Single,US Citizen,Yes,White,2015-03-30,,N/A-StillEmployed,Active,Production,David Stanley,Employee Referral,Fully Meets,4.5,3,0,2019-02-18,0,5,No,No,29,3,Mid,No
53171,Production Technician I,1983-12-02,F,Single,US Citizen,Yes,Black or African American,2011-05-16,,N/A-StillEmployed,Active,Production,Kelley Spirea,LinkedIn,Fully Meets,4.2,4,0,2019-02-26,0,12,No,No,27,7,Senior,No
51337,Production Technician I,1990-10-01,F,Married,US Citizen,No,Black or African American,2015-03-30,,N/A-StillEmployed,Active,Production,Michael Albert,LinkedIn,Fully Meets,3.73,3,0,2019-01-16,0,19,Yes,No,24,3,Mid,No
51505,Production Technician I,1970-05-15,F,Divorced,US Citizen,No,Black or African American,2011-11-07,2016-11-15,hours,Voluntarily Terminated,Production,Elijiah Gray,Diversity Job Fair,Fully Meets,4.24,4,0,2016-04-29,0,2,No,Yes,41,6,Senior,No
59370,Area Sales Manager,1971-07-10,F,Widowed,US Citizen,No,Black or African American,2014-07-07,2015-09-05,attendance,Terminated for Cause,Sales,John Smith,CareerBuilder,Fully Meets,3.97,4,0,2014-01-15,0,7,No,Yes,43,4,Mid,No
54933,Production Technician I,1974-08-09,M,Married,US Citizen,No,Black or African American,2012-04-02,2015-06-25,military,Voluntarily Terminated,Production,Webster Butler,Diversity Job Fair,Needs Improvement,3.97,4,0,2015-01-20,3,15,Yes,Yes,37,6,Senior,No
57815,Production Technician I,1980-05-08,F,Single,US Citizen,Yes,Two or more races,2014-09-29,,N/A-StillEmployed,Active,Production,Amy Dunn,Indeed,Exceeds,3.9,4,0,2019-02-07,0,3,No,No,34,3,Mid,No
61555,Area Sales Manager,1989-09-22,F,Single,US Citizen,No,White,2015-02-16,,N/A-StillEmployed,Active,Sales,Lynn Daneault,Indeed,Fully Meets,4.5,5,0,2019-01-25,0,20,No,No,25,3,Mid,No
114800,Database Administrator,1971-10-23,F,Single,US Citizen,No,White,2015-02-16,2015-03-15,"no-call, no-show",Terminated for Cause,IT/IS,Simon Roup,Indeed,Fully Meets,4.6,4,4,2015-01-20,0,10,No,Yes,43,3,Mid,Yes
74679,IT Support,1989-11-24,M,Married,US Citizen,Yes,White,2015-03-30,,N/A-StillEmployed,Active,IT/IS,Peter Monroe,LinkedIn,Fully Meets,4.3,5,7,2019-01-10,0,20,Yes,No,25,3,Mid,Yes
53018,Production Technician I,1992-06-18,F,Single,US Citizen,Yes,White,2013-11-11,,N/A-StillEmployed,Active,Production,Ketsia Liebig,Indeed,Fully Meets,4.3,5,0,2019-02-18,0,7,No,No,21,4,Mid,No
59892,Production Technician I,1969-09-29,M,Divorced,US Citizen,No,Black or African American,2011-07-11,,N/A-StillEmployed,Active,Production,Brannon Miller,Diversity Job Fair,Exceeds,4.5,4,0,2019-02-18,0,1,No,No,41,7,Senior,No
68898,Production Technician II,1964-10-12,M,Married,US Citizen,No,Black or African American,2010-04-26,2011-05-30,career change,Voluntarily Terminated,Production,Brannon Miller,Diversity Job Fair,PIP,3.0,3,0,2011-03-06,3,10,Yes,Yes,45,8,Senior,No
61242,IT Support,1981-04-16,F,Separated,US Citizen,Yes,White,2015-01-05,,N/A-StillEmployed,Active,IT/IS,Peter Monroe,Employee Referral,Fully Meets,4.61,4,5,2019-01-28,0,11,No,No,33,3,Mid,Yes
66825,Production Technician II,1986-05-25,F,Married,US Citizen,No,White,2014-05-12,,N/A-StillEmployed,Active,Production,David Stanley,LinkedIn,Fully Meets,4.6,3,0,2019-02-07,0,20,Yes,No,27,4,Mid,No
48285,Production Technician I,1979-05-21,M,Married,US Citizen,No,White,2012-07-02,,N/A-StillEmployed,Active,Production,David Stanley,LinkedIn,Fully Meets,5.0,3,0,2019-01-14,0,2,Yes,No,33,6,Senior,No
66149,Production Technician II,1983-12-08,F,Separated,US Citizen,No,American Indian or Alaska Native,2013-09-30,,N/A-StillEmployed,Active,Production,Kissy Sullivan,Google Search,Fully Meets,4.4,5,0,2019-02-21,0,1,No,No,29,4,Mid,No
49256,Production Technician I,1974-10-09,F,Married,US Citizen,No,Asian,2013-08-19,,N/A-StillEmployed,Active,Production,Kissy Sullivan,LinkedIn,Fully Meets,4.1,5,0,2019-02-15,0,3,Yes,No,38,4,Mid,No
62957,Production Manager,1981-07-11,M,Divorced,US Citizen,No,White,2015-06-02,,N/A-StillEmployed,Active,Production,Janet King,Employee Referral,Fully Meets,4.63,3,0,2019-01-04,0,2,No,No,33,3,Mid,No
63813,Production Technician I,1983-05-21,F,Divorced,US Citizen,No,White,2011-02-21,2014-01-11,more money,Voluntarily Terminated,Production,Kelley Spirea,CareerBuilder,Fully Meets,5.0,5,0,2013-06-03,0,17,No,Yes,27,7,Senior,No
99020,BI Developer,1989-06-30,M,Married,US Citizen,No,Black or African American,2017-04-20,,N/A-StillEmployed,Active,IT/IS,Brian Champaigne,Indeed,Fully Meets,4.2,5,5,2019-01-28,0,8,Yes,No,27,1,Junior,Yes
71707,Area Sales Manager,1969-02-09,M,Single,US Citizen,No,Two or more races,2012-03-07,2014-10-31,relocation out of area,Voluntarily Terminated,Sales,John Smith,LinkedIn,Fully Meets,4.5,5,0,2013-02-01,0,20,No,Yes,43,6,Senior,No
54828,Production Technician I,1977-03-23,F,Married,US Citizen,No,White,2011-11-28,,N/A-StillEmployed,Active,Production,Michael Albert,Google Search,Fully Meets,4.2,4,0,2019-02-22,0,13,Yes,No,34,6,Senior,No
64246,Production Technician II,1988-08-10,M,Single,US Citizen,Yes,White,2013-11-11,,N/A-StillEmployed,Active,Production,Kelley Spirea,LinkedIn,Fully Meets,5.0,3,0,2019-01-08,0,20,No,No,25,4,Mid,No
52177,Production Technician I,1952-08-18,F,Single,US Citizen,No,White,2012-01-09,2015-12-15,retiring,Voluntarily Terminated,Production,Webster Butler,CareerBuilder,Fully Meets,4.64,4,0,2015-05-02,0,8,No,Yes,59,6,Senior,No
62065,Production Technician I,1974-05-02,F,Married,US Citizen,No,White,2014-05-12,,N/A-StillEmployed,Active,Production,Amy Dunn,CareerBuilder,Exceeds,4.76,4,0,2019-02-15,0,5,Yes,No,40,4,Mid,No
46998,Production Technician I,1984-01-04,M,Single,US Citizen,No,White,2012-08-13,,N/A-StillEmployed,Active,Production,Ketsia Liebig,Google Search,Fully Meets,4.17,4,0,2019-02-11,0,1,No,No,28,5,Mid,No
68099,Production Technician II,1972-08-27,F,Single,US Citizen,No,White,2011-01-10,2013-06-18,hours,Voluntarily Terminated,Production,Kelley Spirea,CareerBuilder,Fully Meets,5.0,3,0,2013-01-30,0,15,No,Yes,38,7,Senior,No
70545,Area Sales Manager,1988-09-14,M,Married,US Citizen,No,American Indian or Alaska Native,2014-08-18,,N/A-StillEmployed,Active,Sales,John Smith,Indeed,Fully Meets,3.6,5,0,2019-01-30,0,9,Yes,No,25,3,Mid,No
63478,Production Technician II,1984-02-16,F,Married,Non-Citizen,No,White,2011-08-15,2012-04-07,relocation out of area,Voluntarily Terminated,Production,Michael Albert,Indeed,Fully Meets,3.03,5,0,2012-03-05,0,16,Yes,Yes,27,6,Senior,No
97999,Database Administrator,1984-02-21,F,Single,US Citizen,No,White,2015-03-30,,N/A-StillEmployed,Active,IT/IS,Simon Roup,Indeed,Fully Meets,4.48,5,6,2019-01-03,0,4,No,No,31,3,Mid,Yes
180000,Director of Sales,1966-03-17,F,Married,US Citizen,No,White,2014-05-05,,N/A-StillEmployed,Active,Sales,Janet King,LinkedIn,Fully Meets,4.5,4,0,2019-01-21,0,19,Yes,No,48,4,Mid,No
49920,Administrative Assistant,1985-09-16,F,Married,US Citizen,No,Black or African American,2015-02-16,2015-04-15,"no-call, no-show",Terminated for Cause,Admin Offices,Brandon R. LeBlanc,Indeed,Fully Meets,3.24,3,4,2015-04-15,0,6,Yes,Yes,29,3,Mid,Yes
55425,Production Technician I,1986-06-10,F,Single,US Citizen,No,White,2012-02-20,,N/A-StillEmployed,Active,Production,Ketsia Liebig,LinkedIn,Fully Meets,4.8,4,0,2019-01-07,0,4,No,No,25,6,Senior,No
69340,Production Technician II,1984-03-11,F,Single,US Citizen,No,White,2016-06-06,,N/A-StillEmployed,Active,Production,Elijiah Gray,LinkedIn,Fully Meets,3.0,5,0,2019-01-18,0,4,No,No,32,2,Junior,No
64995,Production Technician II,1992-05-07,F,Separated,US Citizen,No,White,2015-06-05,,N/A-StillEmployed,Active,Production,Webster Butler,Indeed,Fully Meets,4.5,3,0,2019-02-14,0,6,No,No,23,3,Mid,No
68182,Production Technician II,1976-09-22,F,Divorced,US Citizen,No,White,2011-02-21,2013-04-01,unhappy,Voluntarily Terminated,Production,Amy Dunn,Google Search,Fully Meets,3.72,3,0,2013-02-01,0,18,No,Yes,34,7,Senior,No
83082,Production Manager,1976-11-15,M,Married,US Citizen,No,Asian,2011-02-21,2012-09-24,unhappy,Voluntarily Terminated,Production,Janet King,Indeed,Needs Improvement,2.34,2,0,2012-04-12,3,4,Yes,Yes,34,7,Senior,No
51908,Production Technician I,1991-01-28,F,Single,US Citizen,No,White,2013-08-19,,N/A-StillEmployed,Active,Production,Brannon Miller,Indeed,Fully Meets,3.99,3,0,2019-01-14,0,14,No,No,22,4,Mid,No
61242,Production Technician I,1972-09-11,F,Single,US Citizen,No,Black or African American,2012-11-05,,N/A-StillEmployed,Active,Production,David Stanley,LinkedIn,Fully Meets,4.1,3,0,2019-01-17,0,7,No,No,40,5,Mid,No
45069,Production Technician I,1966-03-22,F,Divorced,US Citizen,No,White,2013-09-30,,N/A-StillEmployed,Active,Production,Kissy Sullivan,Employee Referral,Fully Meets,4.3,5,0,2019-02-22,0,7,No,No,47,4,Mid,No
60724,Production Technician II,1986-11-06,F,Divorced,US Citizen,No,American Indian or Alaska Native,2011-07-05,,N/A-StillEmployed,Active,Production,Ketsia Liebig,LinkedIn,Exceeds,4.6,4,0,2019-02-25,0,11,No,No,24,7,Senior,No
60436,Production Technician I,1964-04-13,F,Separated,US Citizen,No,White,2014-01-06,,N/A-StillEmployed,Active,Production,Kelley Spirea,LinkedIn,Fully Meets,5.0,5,0,2019-01-21,0,9,No,No,49,4,Mid,No
46837,Production Technician I,1959-08-19,M,Married,US Citizen,No,White,2011-11-07,2018-04-29,more money,Voluntarily Terminated,Production,Michael Albert,CareerBuilder,Exceeds,4.7,4,0,2018-02-14,0,9,Yes,Yes,52,6,Senior,No
105700,Database Administrator,1986-11-07,F,Married,US Citizen,No,Asian,2015-01-05,,N/A-StillEmployed,Active,IT/IS,Simon Roup,Indeed,Fully Meets,3.75,3,5,2019-02-11,0,2,Yes,No,28,3,Mid,Yes
63322,Production Technician II,1969-09-08,F,Single,US Citizen,No,White,2014-07-07,,N/A-StillEmployed,Active,Production,Brannon Miller,LinkedIn,Exceeds,4.3,3,0,2019-01-11,0,1,No,No,44,4,Mid,No
61154,Production Technician I,1986-04-17,F,Married,US Citizen,No,Black or African American,2011-01-10,2016-04-01,unhappy,Voluntarily Terminated,Production,Elijiah Gray,CareerBuilder,Fully Meets,4.0,4,0,2016-02-03,0,4,Yes,Yes,24,7,Senior,No
68999,Sales Manager,1989-11-11,F,Single,US Citizen,No,White,2011-11-07,2014-04-24,maternity leave - did not return,Voluntarily Terminated,Sales,Debra Houlihan,Google Search,Fully Meets,4.5,5,0,2013-03-30,0,2,No,Yes,22,6,Senior,No
50482,Production Technician I,1976-01-19,M,Single,US Citizen,No,White,2013-09-30,,N/A-StillEmployed,Active,Production,Michael Albert,Indeed,Fully Meets,3.07,4,0,2019-01-23,0,10,No,No,37,4,Mid,No
65310,Area Sales Manager,1979-11-27,M,Single,US Citizen,No,White,2013-08-19,,N/A-StillEmployed,Active,Sales,Lynn Daneault,Indeed,Fully Meets,4.3,5,0,2019-01-22,0,13,No,No,33,4,Mid,No
250000,President & CEO,1954-09-21,F,Married,US Citizen,Yes,White,2012-07-02,,N/A-StillEmployed,Active,Executive Office,Board of Directors,Indeed,Fully Meets,4.83,3,0,2019-01-17,0,10,Yes,No,57,6,Senior,No
54005,Production Technician I,1973-12-08,F,Married,US Citizen,No,White,2011-09-26,2015-06-04,more money,Voluntarily Terminated,Production,Webster Butler,Google Search,Fully Meets,3.6,5,0,2015-03-01,0,16,Yes,Yes,37,6,Senior,No
45433,Production Technician I,1970-10-08,F,Married,US Citizen,No,White,2011-09-26,2014-01-09,more money,Voluntarily Terminated,Production,Amy Dunn,Google Search,Fully Meets,3.49,4,0,2013-01-30,0,6,Yes,Yes,40,6,Senior,No
46654,Production Technician I,1977-11-10,M,Single,US Citizen,No,Black or African American,2014-02-17,,N/A-StillEmployed,Active,Production,Ketsia Liebig,LinkedIn,Fully Meets,3.1,3,0,2019-02-06,0,3,No,No,36,4,Mid,No
63973,Production Technician I,1980-02-02,M,Married,US Citizen,No,Asian,2011-01-10,,N/A-StillEmployed,Active,Production,Brannon Miller,Indeed,Fully Meets,3.38,3,0,2019-01-21,0,17,Yes,No,30,7,Senior,No
71339,Area Sales Manager,1969-02-24,M,Single,US Citizen,Yes,Black or African American,2011-03-07,,N/A-StillEmployed,Active,Sales,John Smith,Diversity Job Fair,Fully Meets,3.65,5,0,2019-01-17,0,20,No,No,42,7,Senior,No
93206,Sr. Network Engineer,1986-04-23,M,Married,US Citizen,No,White,2014-11-10,,N/A-StillEmployed,Active,IT/IS,Peter Monroe,Employee Referral,Fully Meets,4.46,5,6,2019-01-07,0,7,Yes,No,28,3,Mid,Yes
82758,Production Manager,1972-07-01,M,Married,US Citizen,No,White,2011-01-10,2015-12-12,attendance,Terminated for Cause,Production,Janet King,Employee Referral,Fully Meets,4.78,4,0,2015-02-15,0,9,Yes,Yes,38,7,Senior,No
66074,Production Technician II,1979-07-25,F,Divorced,US Citizen,No,Asian,2013-01-07,2014-03-31,Another position,Voluntarily Terminated,Production,David Stanley,Indeed,Fully Meets,4.52,3,0,2014-02-20,0,20,No,Yes,33,5,Mid,No
46120,Production Technician I,1986-12-09,M,Married,US Citizen,No,White,2012-07-09,,N/A-StillEmployed,Active,Production,David Stanley,LinkedIn,Fully Meets,5.0,5,0,2019-02-04,0,13,Yes,No,25,6,Senior,No
64520,Accountant I,1984-04-26,M,Divorced,US Citizen,No,Black or African American,2014-01-06,,N/A-StillEmployed,Active,Admin Offices,Brandon R. LeBlanc,Website,Fully Meets,5.0,4,4,2019-01-17,0,3,No,No,29,4,Mid,Yes
61962,Production Technician II,1984-05-09,M,Married,US Citizen,No,White,2012-04-02,2013-04-15,more money,Voluntarily Terminated,Production,Kissy Sullivan,Google Search,Fully Meets,4.9,3,0,2013-02-20,0,20,Yes,Yes,27,6,Senior,No
81584,Senior BI Developer,1987-06-14,F,Single,US Citizen,No,Asian,2016-10-02,,N/A-StillEmployed,Active,IT/IS,Brian Champaigne,Indeed,Fully Meets,4.1,5,7,2019-01-08,0,2,No,No,29,1,Junior,Yes
63676,Production Technician I,1979-01-17,F,Single,US Citizen,No,Asian,2011-09-26,2018-08-19,return to school,Voluntarily Terminated,Production,Kissy Sullivan,CareerBuilder,Fully Meets,4.88,3,0,2017-07-02,0,17,No,Yes,32,6,Senior,No
93046,Shared Services Manager,1984-06-10,M,Married,US Citizen,No,White,2016-01-05,,N/A-StillEmployed,Active,Admin Offices,Janet King,CareerBuilder,Fully Meets,4.1,4,0,2019-01-28,0,20,Yes,No,31,2,Junior,No
64738,Production Technician I,1982-09-02,M,Married,US Citizen,No,Asian,2012-05-14,,N/A-StillEmployed,Active,Production,Elijiah Gray,Google Search,Fully Meets,4.1,3,0,2019-02-22,0,10,Yes,No,29,6,Senior,No
70468,Area Sales Manager,1988-12-27,M,Separated,US Citizen,No,Black or African American,2012-04-30,,N/A-StillEmployed,Active,Sales,John Smith,Website,Fully Meets,4.53,3,0,2019-01-29,0,16,No,No,23,6,Senior,No
77915,Production Manager,1981-10-26,F,Married,US Citizen,No,White,2013-09-30,,N/A-StillEmployed,Active,Production,Janet King,Website,Exceeds,4.1,3,0,2019-01-21,0,11,Yes,No,31,4,Mid,No
52624,Production Technician I,1981-03-26,F,Married,US Citizen,No,White,2011-07-05,2018-09-26,unhappy,Voluntarily Terminated,Production,Michael Albert,Indeed,Fully Meets,3.18,4,0,2018-03-02,0,16,Yes,Yes,30,7,Senior,No
63450,Production Technician II,1979-03-19,M,Married,US Citizen,No,White,2013-07-08,,N/A-StillEmployed,Active,Production,Kelley Spirea,LinkedIn,Fully Meets,4.0,3,0,2019-02-18,0,7,Yes,No,34,5,Mid,No
51777,IT Support,1988-10-05,F,Single,US Citizen,Yes,Black or African American,2011-01-21,,N/A-StillEmployed,Active,IT/IS,Eric Dougall,Diversity Job Fair,Exceeds,4.64,4,5,2019-01-25,0,14,No,No,22,7,Senior,Yes
67237,Production Technician II,1976-12-26,F,Widowed,US Citizen,No,White,2013-07-08,2016-09-15,more money,Voluntarily Terminated,Production,Michael Albert,LinkedIn,Fully Meets,4.65,4,0,2016-06-10,0,15,No,Yes,36,5,Mid,No
73330,Production Technician II,1982-03-28,F,Single,US Citizen,No,Black or African American,2013-08-19,,N/A-StillEmployed,Active,Production,Elijiah Gray,Indeed,Exceeds,4.2,4,0,2019-02-12,0,19,No,No,31,4,Mid,No
52057,Production Technician I,1975-10-22,F,Married,US Citizen,No,Black or African American,2015-02-16,,N/A-StillEmployed,Active,Production,Elijiah Gray,Website,Fully Meets,5.0,3,0,2019-01-23,0,6,Yes,No,39,3,Mid,No
47434,Production Technician I,1973-02-14,F,Single,US Citizen,Yes,Black or African American,2011-11-07,2015-11-14,Another position,Voluntarily Terminated,Production,Webster Butler,Diversity Job Fair,Exceeds,5.0,4,0,2015-02-02,0,17,No,Yes,38,6,Senior,No
52788,Production Technician I,1972-11-09,M,Widowed,US Citizen,No,White,2012-09-24,2017-09-26,hours,Voluntarily Terminated,Production,Amy Dunn,Indeed,Fully Meets,3.08,4,0,2017-04-01,0,18,No,Yes,39,5,Mid,No
45395,Production Technician I,1986-07-07,F,Single,US Citizen,No,White,2014-01-06,,N/A-StillEmployed,Active,Production,Ketsia Liebig,LinkedIn,Fully Meets,4.6,4,0,2019-02-26,0,14,No,No,27,4,Mid,No
62385,Production Technician II,1976-08-25,F,Married,US Citizen,No,White,2016-05-11,,N/A-StillEmployed,Active,Production,Webster Butler,LinkedIn,Fully Meets,5.0,3,0,2019-01-21,0,4,Yes,No,39,2,Junior,No
68407,Production Technician II,1986-12-10,F,Married,US Citizen,No,Two or more races,2011-07-05,2012-08-19,Another position,Voluntarily Terminated,Production,Amy Dunn,LinkedIn,Fully Meets,5.0,4,0,2012-07-02,0,16,Yes,Yes,24,7,Senior,No
61349,Production Technician I,1974-11-07,F,Married,US Citizen,No,White,2013-11-11,,N/A-StillEmployed,Active,Production,Brannon Miller,LinkedIn,Fully Meets,4.1,3,0,2019-01-22,0,11,Yes,No,39,4,Mid,No
105688,Software Engineer,1987-11-07,F,Single,US Citizen,No,Asian,2013-11-11,,N/A-StillEmployed,Active,Software Engineering,Alex Sweetwater,Google Search,Fully Meets,4.5,5,4,2019-01-14,0,14,No,No,26,4,Mid,Yes
54132,Production Technician I,1977-11-22,F,Married,US Citizen,No,White,2011-05-31,,N/A-StillEmployed,Active,Production,David Stanley,Indeed,Fully Meets,5.0,4,0,2019-01-10,0,8,Yes,No,33,7,Senior,No
55315,Production Technician II,1987-05-21,F,Single,US Citizen,No,Black or African American,2015-03-30,,N/A-StillEmployed,Active,Production,Ketsia Liebig,LinkedIn,Fully Meets,5.0,5,0,2019-02-07,0,16,No,No,27,3,Mid,No
62810,Production Technician I,1987-01-07,F,Married,US Citizen,No,Black or African American,2013-01-07,,N/A-StillEmployed,Active,Production,Kissy Sullivan,CareerBuilder,Fully Meets,3.93,3,0,2019-01-30,0,20,Yes,No,26,5,Mid,No
63291,Area Sales Manager,1984-07-01,M,Married,US Citizen,No,Two or more races,2016-07-06,,N/A-StillEmployed,Active,Sales,Lynn Daneault,Website,Fully Meets,3.4,4,0,2019-01-29,0,7,Yes,No,32,2,Junior,No
62659,Production Technician I,1968-05-30,F,Single,US Citizen,No,Black or African American,2012-04-02,2016-11-11,Another position,Voluntarily Terminated,Production,Kelley Spirea,Diversity Job Fair,Fully Meets,4.18,4,0,2016-02-05,0,17,No,Yes,43,6,Senior,No
55688,Production Technician I,1976-09-22,F,Single,US Citizen,No,White,2015-03-30,,N/A-StillEmployed,Active,Production,Michael Albert,CareerBuilder,Fully Meets,5.0,4,0,2019-01-21,0,10,No,No,38,3,Mid,No
83667,Production Manager,1981-08-10,M,Single,US Citizen,Yes,Hispanic,2012-08-16,,N/A-StillEmployed,Active,Production,Janet King,Indeed,Fully Meets,4.37,3,0,2019-01-14,0,2,No,No,31,5,Mid,No
55800,Production Technician II,1985-06-29,M,Single,US Citizen,No,White,2011-08-15,2014-09-04,unhappy,Voluntarily Terminated,Production,Brannon Miller,LinkedIn,PIP,3.0,2,0,2013-01-14,6,6,No,Yes,26,6,Senior,No
58207,Production Technician II,1992-08-17,M,Married,US Citizen,No,White,2011-11-07,,N/A-StillEmployed,Active,Production,David Stanley,LinkedIn,Fully Meets,3.7,3,0,2019-01-08,0,14,Yes,No,19,6,Senior,No
157000,IT Manager - Infra,1986-10-05,M,Married,Eligible NonCitizen,Yes,Black or African American,2012-02-15,,N/A-StillEmployed,Active,IT/IS,Jennifer Zamora,Diversity Job Fair,Needs Improvement,2.39,3,6,2019-02-22,4,13,Yes,No,25,6,Senior,Yes
72460,Production Technician II,1970-04-24,F,Single,US Citizen,No,Black or African American,2013-05-13,,N/A-StillEmployed,Active,Production,Kissy Sullivan,Indeed,Exceeds,4.7,3,0,2019-01-14,0,1,No,No,43,5,Mid,No
72106,Production Technician II,1976-12-03,M,Single,US Citizen,No,Black or African American,2012-01-09,,N/A-StillEmployed,Active,Production,Kelley Spirea,Diversity Job Fair,Fully Meets,4.1,4,0,2019-01-31,0,12,No,No,35,6,Senior,No
52599,Network Engineer,1979-04-04,F,Married,US Citizen,No,White,2015-02-16,,N/A-StillEmployed,Active,IT/IS,Peter Monroe,CareerBuilder,Fully Meets,3.81,3,6,2019-02-11,0,6,Yes,No,35,3,Mid,Yes
63430,Production Technician I,1984-07-07,F,Divorced,US Citizen,No,White,2013-04-01,,N/A-StillEmployed,Active,Production,Elijiah Gray,LinkedIn,Fully Meets,4.4,4,0,2019-01-17,0,18,No,No,28,5,Mid,No
74417,Production Technician II,1974-12-01,M,Separated,US Citizen,No,Black or African American,2013-05-13,,N/A-StillEmployed,Active,Production,Michael Albert,LinkedIn,Fully Meets,4.29,5,0,2019-01-28,0,11,No,No,38,5,Mid,No
57575,Production Technician I,1980-04-18,M,Single,US Citizen,No,Asian,2013-07-08,,N/A-StillEmployed,Active,Production,Kissy Sullivan,LinkedIn,Fully Meets,4.1,4,0,2019-01-22,0,13,No,No,33,5,Mid,No
87921,Senior BI Developer,1970-04-25,M,Single,US Citizen,No,Asian,2017-02-10,,N/A-StillEmployed,Active,IT/IS,Brian Champaigne,Indeed,Fully Meets,5.0,3,6,2019-02-25,0,17,No,No,46,1,Junior,Yes
50470,Production Technician I,1989-05-02,M,Single,US Citizen,No,Black or African American,2011-09-26,2014-04-04,return to school,Voluntarily Terminated,Production,Webster Butler,Diversity Job Fair,Fully Meets,4.3,3,0,2013-03-02,0,19,No,Yes,22,6,Senior,No
46664,Production Technician I,1983-03-28,M,Married,US Citizen,No,White,2013-04-01,2016-05-25,more money,Voluntarily Terminated,Production,Amy Dunn,Employee Referral,Fully Meets,3.18,3,0,2016-03-06,0,10,Yes,Yes,30,5,Mid,No
48495,Production Technician I,1977-04-08,M,Married,US Citizen,No,White,2014-05-12,,N/A-StillEmployed,Active,Production,Ketsia Liebig,LinkedIn,Fully Meets,5.0,5,0,2019-02-18,0,11,Yes,No,37,4,Mid,No
52984,Production Technician I,1967-06-03,F,Separated,US Citizen,No,Black or African American,2013-04-01,,N/A-StillEmployed,Active,Production,Brannon Miller,Diversity Job Fair,Exceeds,4.0,3,0,2019-02-13,0,12,No,No,45,5,Mid,No
63695,Area Sales Manager,1989-03-31,F,Single,US Citizen,No,Two or more races,2013-07-08,,N/A-StillEmployed,Active,Sales,Lynn Daneault,Indeed,Fully Meets,5.0,5,0,2019-01-25,0,2,No,No,24,5,Mid,No
62061,Production Technician I,1984-07-07,F,Single,US Citizen,No,White,2013-07-08,,N/A-StillEmployed,Active,Production,David Stanley,LinkedIn,Fully Meets,3.6,5,0,2019-01-02,0,4,No,No,29,5,Mid,No
66738,Production Technician II,1985-11-23,F,Single,US Citizen,No,White,2014-11-10,,N/A-StillEmployed,Active,Production,Elijiah Gray,Indeed,Fully Meets,4.53,5,0,2019-01-16,0,5,No,No,28,3,Mid,No
52674,Production Technician I,1980-09-30,F,Single,US Citizen,No,Two or more races,2014-03-31,2018-05-01,performance,Terminated for Cause,Production,Kissy Sullivan,LinkedIn,PIP,2.33,2,0,2018-03-09,6,3,No,Yes,33,4,Mid,No
71966,Production Technician II,1952-02-11,F,Married,US Citizen,No,Asian,2012-05-14,2013-08-19,unhappy,Voluntarily Terminated,Production,Webster Butler,LinkedIn,Fully Meets,5.0,3,0,2013-07-02,0,17,Yes,Yes,60,6,Senior,No
63051,Area Sales Manager,1990-05-11,F,Single,US Citizen,Yes,White,2013-09-30,,N/A-StillEmployed,Active,Sales,Lynn Daneault,Indeed,Fully Meets,4.28,3,0,2019-01-25,0,1,No,No,23,4,Mid,No
47414,Production Technician I,1976-12-11,M,Married,US Citizen,No,White,2013-09-30,,N/A-StillEmployed,Active,Production,Kelley Spirea,LinkedIn,Exceeds,5.0,3,0,2019-02-07,0,13,Yes,No,36,4,Mid,No
53060,Production Technician I,1979-11-24,M,Single,US Citizen,No,Black or African American,2014-02-17,,N/A-StillEmployed,Active,Production,Michael Albert,LinkedIn,Needs Improvement,4.25,3,0,2019-02-04,4,6,No,No,34,4,Mid,No
68829,Area Sales Manager,1982-05-19,M,Single,US Citizen,No,White,2015-01-05,,N/A-StillEmployed,Active,Sales,John Smith,Website,Fully Meets,5.0,5,0,2019-01-14,0,18,No,No,32,3,Mid,No
63515,Production Technician I,1979-05-01,F,Married,US Citizen,No,White,2011-02-07,2014-01-12,Another position,Voluntarily Terminated,Production,Elijiah Gray,Google Search,Fully Meets,3.89,4,0,2013-03-04,0,7,Yes,Yes,31,7,Senior,No
108987,Software Engineer,1979-02-20,M,Single,US Citizen,No,Black or African American,2011-11-07,2015-09-07,Another position,Voluntarily Terminated,Software Engineering,Alex Sweetwater,Diversity Job Fair,Exceeds,5.0,5,3,2015-08-16,0,13,No,Yes,32,6,Senior,Yes
93093,Data Analyst,1984-09-05,M,Married,US Citizen,No,White,2014-12-01,2016-05-01,performance,Voluntarily Terminated,IT/IS,Simon Roup,Employee Referral,Fully Meets,4.7,4,5,2016-01-16,0,19,Yes,Yes,30,3,Mid,Yes
53564,Production Technician I,1988-03-17,M,Single,US Citizen,No,Black or African American,2011-01-10,2017-12-28,career change,Voluntarily Terminated,Production,Webster Butler,Google Search,Needs Improvement,3.54,5,0,2017-04-06,4,15,No,Yes,22,7,Senior,No
60270,Production Technician II,1989-07-18,F,Married,US Citizen,No,Asian,2011-07-05,2015-09-15,unhappy,Voluntarily Terminated,Production,Amy Dunn,CareerBuilder,Needs Improvement,2.4,5,0,2015-02-06,5,2,Yes,Yes,21,7,Senior,No
45998,Production Technician I,1986-07-20,F,Single,US Citizen,No,White,2011-05-16,2015-10-25,medical issues,Voluntarily Terminated,Production,Amy Dunn,LinkedIn,Fully Meets,3.45,4,0,2014-05-13,0,5,No,Yes,24,7,Senior,No
57954,Production Technician II,1986-08-17,F,Married,US Citizen,No,White,2011-05-16,2013-02-04,more money,Voluntarily Terminated,Production,Ketsia Liebig,Indeed,Exceeds,4.2,5,0,2013-01-10,0,12,Yes,Yes,24,7,Senior,No
74669,Production Manager,1977-05-09,F,Married,US Citizen,No,White,2010-10-25,2016-05-18,Another position,Voluntarily Terminated,Production,Janet King,Indeed,Fully Meets,4.16,5,0,2015-03-05,0,6,Yes,Yes,33,7,Senior,No
74226,Production Technician II,1979-03-10,F,Married,Eligible NonCitizen,No,Asian,2012-04-02,,N/A-StillEmployed,Active,Production,Brannon Miller,LinkedIn,Fully Meets,4.3,3,0,2019-01-14,0,14,Yes,No,33,6,Senior,No
93554,Data Analyst,1984-09-16,F,Married,US Citizen,No,Black or African American,2014-11-10,,N/A-StillEmployed,Active,IT/IS,Simon Roup,Employee Referral,Exceeds,4.6,5,7,2019-01-04,0,16,Yes,No,30,3,Mid,Yes
64724,Production Technician I,1988-03-06,M,Married,US Citizen,No,Asian,2011-07-05,2012-11-30,more money,Voluntarily Terminated,Production,Brannon Miller,Google Search,Fully Meets,5.0,3,0,2012-02-20,0,13,Yes,Yes,23,7,Senior,No
47001,Production Technician I,1981-11-23,M,Single,US Citizen,No,White,2007-11-05,,N/A-StillEmployed,Active,Production,David Stanley,Google Search,Fully Meets,3.66,3,0,2019-02-25,0,15,No,No,25,10,Senior,No
61844,Area Sales Manager,1988-08-29,F,Married,US Citizen,No,Black or African American,2012-01-09,,N/A-StillEmployed,Active,Sales,Lynn Daneault,Website,Fully Meets,4.2,5,0,2019-02-01,0,9,Yes,No,23,6,Senior,No
46799,Production Technician I,1984-10-15,F,Divorced,Eligible NonCitizen,No,Asian,2011-05-16,2018-06-04,Another position,Voluntarily Terminated,Production,Kissy Sullivan,Google Search,Fully Meets,3.17,4,0,2018-04-02,0,14,No,Yes,26,7,Senior,No
59472,Production Technician I,1961-06-19,M,Single,US Citizen,No,White,2014-01-06,,N/A-StillEmployed,Active,Production,Kelley Spirea,Employee Referral,Fully Meets,4.8,3,0,2019-01-07,0,14,No,No,52,4,Mid,No
46430,Production Technician I,1970-09-22,F,Divorced,US Citizen,No,White,2012-09-24,2013-06-18,unhappy,Voluntarily Terminated,Production,Kissy Sullivan,Indeed,Fully Meets,4.5,5,0,2013-04-02,0,16,No,Yes,42,5,Mid,No
83363,Software Engineer,1984-11-06,M,Married,Eligible NonCitizen,No,Black or African American,2011-02-21,2015-08-15,career change,Voluntarily Terminated,Software Engineering,Janet King,Diversity Job Fair,Fully Meets,4.15,4,0,2014-04-19,0,4,Yes,Yes,26,7,Senior,No
95920,BI Developer,1980-05-12,F,Married,US Citizen,No,Black or African American,2016-10-02,,N/A-StillEmployed,Active,IT/IS,Brian Champaigne,Indeed,Fully Meets,4.4,4,6,2019-02-06,0,10,Yes,No,36,1,Junior,Yes
61729,Production Technician I,1984-12-31,M,Divorced,US Citizen,No,White,2011-09-26,2018-04-07,more money,Voluntarily Terminated,Production,Michael Albert,Indeed,Fully Meets,3.8,5,0,2018-02-04,0,19,No,Yes,26,6,Senior,No
61809,Area Sales Manager,1954-10-12,M,Married,US Citizen,No,White,2014-05-12,,N/A-StillEmployed,Active,Sales,John Smith,CareerBuilder,Fully Meets,3.98,3,0,2019-01-28,0,4,Yes,No,59,4,Mid,No
45115,Production Technician I,1982-07-22,M,Divorced,US Citizen,Yes,White,2011-05-16,2016-01-15,retiring,Voluntarily Terminated,Production,Elijiah Gray,LinkedIn,Fully Meets,5.0,4,0,2015-03-30,0,11,No,Yes,28,7,Senior,No
46738,Production Technician I,1973-01-12,F,Married,US Citizen,No,Asian,2011-11-28,,N/A-StillEmployed,Active,Production,Webster Butler,Google Search,Exceeds,4.36,5,0,2019-02-11,0,16,Yes,No,38,6,Senior,No
64971,Production Technician II,1981-09-05,F,Divorced,Eligible NonCitizen,No,Black or African American,2011-09-26,2011-10-22,return to school,Voluntarily Terminated,Production,David Stanley,Google Search,Fully Meets,4.5,4,0,2011-10-22,0,10,No,Yes,30,6,Senior,No
55578,Production Technician II,1972-07-03,M,Married,US Citizen,No,White,2011-07-05,2012-02-08,Another position,Voluntarily Terminated,Production,Kissy Sullivan,Indeed,Fully Meets,4.2,5,0,2012-01-06,0,13,Yes,Yes,39,7,Senior,No
50428,Production Technician I,1974-01-07,M,Married,US Citizen,No,Black or African American,2011-01-10,2016-01-26,attendance,Voluntarily Terminated,Production,Amy Dunn,Indeed,Fully Meets,5.0,3,0,2015-01-10,0,11,Yes,Yes,37,7,Senior,No
61422,Production Technician I,1985-01-07,F,Married,US Citizen,No,White,2011-01-10,2016-05-17,attendance,Terminated for Cause,Production,Ketsia Liebig,Indeed,Needs Improvement,3.6,3,0,2016-04-05,4,16,Yes,Yes,26,7,Senior,No
63353,Production Technician I,1985-01-28,M,Widowed,US Citizen,No,White,2013-07-08,,N/A-StillEmployed,Active,Production,Brannon Miller,Employee Referral,Exceeds,3.6,5,0,2019-02-11,0,4,No,No,28,5,Mid,No
89883,Data Analyst,1981-10-11,F,Married,US Citizen,No,White,2015-02-16,,N/A-StillEmployed,Active,IT/IS,Simon Roup,Employee Referral,Fully Meets,3.69,5,6,2019-02-14,0,15,Yes,No,33,3,Mid,Yes
120000,Principal Data Architect,1973-05-27,F,Single,US Citizen,Yes,White,2015-01-05,2018-11-10,Another position,Voluntarily Terminated,IT/IS,Simon Roup,LinkedIn,Fully Meets,3.88,3,7,2018-02-13,0,12,No,Yes,41,3,Mid,Yes
150290,Data Architect,1972-11-21,F,Single,US Citizen,No,Black or African American,2017-01-07,,N/A-StillEmployed,Active,IT/IS,Brian Champaigne,Indeed,Fully Meets,4.94,3,5,2019-02-06,0,17,No,No,44,1,Junior,Yes
60627,Production Technician I,1974-12-05,F,Separated,US Citizen,No,White,2014-01-06,,N/A-StillEmployed,Active,Production,David Stanley,Website,Fully Meets,5.0,4,0,2019-01-31,0,8,No,No,39,4,Mid,No
53180,Production Technician I,1987-03-18,M,Single,US Citizen,No,White,2011-04-04,2018-08-13,Another position,Voluntarily Terminated,Production,Kissy Sullivan,Google Search,Fully Meets,5.0,5,0,2018-07-02,0,4,No,Yes,24,7,Senior,No
140920,IT Manager - DB,1973-04-05,M,Single,US Citizen,No,White,2013-01-20,,N/A-StillEmployed,Active,IT/IS,Jennifer Zamora,Indeed,Fully Meets,3.6,5,7,2019-02-18,0,13,No,No,39,5,Mid,Yes
148999,IT Manager - DB,1964-01-04,M,Divorced,US Citizen,No,Black or African American,2012-01-09,2015-11-04,hours,Voluntarily Terminated,IT/IS,Jennifer Zamora,Diversity Job Fair,Fully Meets,4.3,4,6,2015-01-04,0,8,No,Yes,48,6,Senior,Yes
86214,Software Engineer,1986-07-24,F,Married,US Citizen,No,White,2012-11-05,,N/A-StillEmployed,Active,Software Engineering,Alex Sweetwater,Indeed,Fully Meets,4.2,3,6,2019-02-13,0,2,Yes,No,26,5,Mid,Yes
47750,Production Technician I,1968-06-06,F,Single,US Citizen,No,Black or African American,2016-07-04,,N/A-StillEmployed,Active,Production,Kelley Spirea,Diversity Job Fair,Needs Improvement,2.6,4,0,2019-02-18,5,4,No,No,48,2,Junior,No
46428,Production Technician I,1974-12-21,M,Single,US Citizen,No,White,2009-01-05,2018-07-30,relocation out of area,Voluntarily Terminated,Production,Michael Albert,Google Search,Fully Meets,4.6,5,0,2018-02-05,0,7,No,Yes,34,9,Senior,No
57975,Production Technician II,1986-04-26,M,Married,US Citizen,No,White,2010-08-30,,N/A-StillEmployed,Active,Production,Kelley Spirea,CareerBuilder,Fully Meets,4.1,3,0,2019-01-10,0,13,Yes,No,24,7,Senior,No
88527,Data Analyst,1987-12-17,M,Divorced,US Citizen,No,Black or African American,2015-01-05,2015-10-31,hours,Voluntarily Terminated,IT/IS,Simon Roup,LinkedIn,Fully Meets,4.2,3,5,2015-04-20,0,2,No,Yes,27,3,Mid,Yes
56147,Production Technician I,1988-07-10,F,Married,US Citizen,No,Black or African American,2014-09-29,,N/A-StillEmployed,Active,Production,Elijiah Gray,LinkedIn,Fully Meets,3.51,3,0,2019-02-18,0,2,Yes,No,26,3,Mid,No
50923,Production Technician I,1975-03-10,F,Single,US Citizen,No,Asian,2013-09-30,,N/A-StillEmployed,Active,Production,Webster Butler,Google Search,Fully Meets,5.0,5,0,2019-02-06,0,14,No,No,38,4,Mid,No
50750,Network Engineer,1981-04-14,F,Married,US Citizen,No,White,2014-09-30,,N/A-StillEmployed,Active,IT/IS,Peter Monroe,LinkedIn,Fully Meets,3.31,3,6,2019-01-07,0,7,Yes,No,33,3,Mid,Yes
52087,Production Technician I,1985-08-24,F,Married,US Citizen,No,White,2013-08-19,,N/A-StillEmployed,Active,Production,Amy Dunn,LinkedIn,Fully Meets,4.81,4,0,2019-02-15,0,15,Yes,No,28,4,Mid,No
87826,Data Analyst,1970-02-08,M,Married,US Citizen,Yes,White,2015-01-05,,N/A-StillEmployed,Active,IT/IS,Simon Roup,Employee Referral,Fully Meets,3.32,3,7,2019-01-14,0,16,Yes,No,44,3,Mid,Yes
51920,Administrative Assistant,1988-05-19,F,Single,US Citizen,No,White,2015-05-01,,N/A-StillEmployed,Active,Admin Offices,Brandon R. LeBlanc,Website,Fully Meets,5.0,3,5,2019-01-15,0,2,No,No,26,3,Mid,Yes
63878,Production Technician II,1987-11-25,F,Single,US Citizen,No,White,2009-10-26,2015-04-08,maternity leave - did not return,Voluntarily Terminated,Production,Michael Albert,CareerBuilder,Fully Meets,4.68,4,0,2015-04-02,0,20,No,Yes,21,8,Senior,No
60656,Production Technician II,1963-10-30,M,Single,US Citizen,No,White,2014-09-29,,N/A-StillEmployed,Active,Production,Elijiah Gray,Indeed,Exceeds,4.3,3,0,2019-01-28,0,4,No,No,50,3,Mid,No
72992,Sales Manager,1984-08-16,M,Divorced,US Citizen,No,Black or African American,2014-05-18,,N/A-StillEmployed,Active,Sales,Debra Houlihan,Diversity Job Fair,Needs Improvement,2.4,4,0,2019-01-16,2,16,No,No,29,4,Mid,No
55000,Administrative Assistant,1987-06-14,F,Married,US Citizen,No,Black or African American,2011-09-26,2013-09-25,career change,Voluntarily Terminated,Admin Offices,Brandon R. LeBlanc,Diversity Job Fair,Fully Meets,3.8,4,4,2013-08-15,0,17,Yes,Yes,24,6,Senior,Yes
58939,Production Technician I,1965-02-02,F,Single,US Citizen,No,White,2013-11-11,,N/A-StillEmployed,Active,Production,Ketsia Liebig,Employee Referral,Fully Meets,3.73,3,0,2019-01-24,0,16,No,No,48,4,Mid,No
66593,IT Support,1973-03-12,F,Married,US Citizen,No,Black or African American,2011-06-10,,N/A-StillEmployed,Active,IT/IS,Eric Dougall,LinkedIn,Fully Meets,4.3,3,5,2019-02-08,0,19,Yes,No,38,7,Senior,Yes
87565,Sr. Network Engineer,1983-02-09,M,Married,US Citizen,No,Asian,2016-06-30,,N/A-StillEmployed,Active,IT/IS,Peter Monroe,LinkedIn,Fully Meets,3.27,4,5,2019-01-14,0,13,Yes,No,33,2,Junior,Yes
64021,Production Technician I,1968-07-20,F,Married,US Citizen,No,White,2012-02-20,,N/A-StillEmployed,Active,Production,Brannon Miller,Indeed,PIP,2.4,2,1,2019-02-25,6,20,Yes,No,43,6,Senior,Yes
65714,Production Manager,1975-09-30,F,Married,US Citizen,No,White,2012-10-02,,N/A-StillEmployed,Active,Production,Janet King,LinkedIn,Fully Meets,4.83,5,0,2019-02-14,0,15,Yes,No,37,5,Mid,No
62425,Production Technician I,1973-03-26,F,Divorced,US Citizen,No,White,2013-05-13,2015-06-29,unhappy,Voluntarily Terminated,Production,David Stanley,LinkedIn,Exceeds,4.1,4,0,2015-03-02,0,16,No,Yes,40,5,Mid,No
47961,Production Technician I,1982-08-25,F,Divorced,US Citizen,No,Two or more races,2011-01-10,,N/A-StillEmployed,Active,Production,Kissy Sullivan,Google Search,Fully Meets,4.1,4,0,2019-02-07,0,9,No,No,28,7,Senior,No
58273,Area Sales Manager,1974-05-09,M,Married,US Citizen,No,White,2014-05-12,,N/A-StillEmployed,Active,Sales,Lynn Daneault,Website,PIP,1.81,2,0,2019-01-17,3,5,Yes,No,40,4,Mid,No
63003,Accountant I,1986-09-01,M,Single,US Citizen,No,White,2014-09-29,,N/A-StillEmployed,Active,Admin Offices,Brandon R. LeBlanc,Indeed,Fully Meets,3.9,5,5,2019-01-18,0,9,No,No,28,3,Mid,Yes
61355,Production Technician I,1985-03-14,M,Married,US Citizen,No,Asian,2014-02-17,,N/A-StillEmployed,Active,Production,Kelley Spirea,LinkedIn,Fully Meets,4.7,3,0,2019-01-11,0,4,Yes,No,28,4,Mid,No
60120,Area Sales Manager,1989-05-12,F,Married,US Citizen,No,Black or African American,2010-09-27,,N/A-StillEmployed,Active,Sales,John Smith,Indeed,Fully Meets,4.1,4,0,2019-01-31,0,18,Yes,No,21,7,Senior,No
63682,Production Manager,1978-03-28,F,Married,US Citizen,No,Black or African American,2009-01-08,,N/A-StillEmployed,Active,Production,Janet King,Indeed,Fully Meets,3.73,4,0,2019-01-24,0,12,Yes,No,30,9,Senior,No
63025,Production Technician I,1982-10-07,M,Married,US Citizen,Yes,White,2015-01-05,,N/A-StillEmployed,Active,Production,Michael Albert,Google Search,Fully Meets,4.36,5,0,2019-01-24,0,10,Yes,No,32,3,Mid,No
59238,Production Technician I,1968-08-15,F,Single,Eligible NonCitizen,No,Asian,2012-05-14,,N/A-StillEmployed,Active,Production,Elijiah Gray,Indeed,Fully Meets,3.4,5,0,2019-01-31,0,13,No,No,43,6,Senior,No
92989,Software Engineer,1983-05-06,M,Single,US Citizen,No,White,2014-07-07,,N/A-StillEmployed,Active,Software Engineering,Alex Sweetwater,LinkedIn,Exceeds,4.5,5,5,2019-02-18,0,1,No,No,31,4,Mid,Yes
90100,BI Developer,1987-10-24,M,Married,US Citizen,No,White,2017-04-20,,N/A-StillEmployed,Active,IT/IS,Brian Champaigne,Indeed,Fully Meets,3.4,3,6,2019-01-02,0,14,Yes,No,29,1,Junior,Yes
60754,Production Technician I,1975-04-03,F,Married,Non-Citizen,No,Black or African American,2009-04-27,2013-04-01,Another position,Voluntarily Terminated,Production,Webster Butler,Diversity Job Fair,Fully Meets,4.5,5,0,2012-02-15,0,11,Yes,Yes,34,9,Senior,No
72202,Production Technician II,1953-05-24,F,Married,US Citizen,No,White,2011-05-16,2017-07-08,Another position,Voluntarily Terminated,Production,Elijiah Gray,Google Search,Fully Meets,3.93,3,0,2017-04-18,0,3,Yes,Yes,58,7,Senior,No
58370,Area Sales Manager,1965-05-07,F,Single,US Citizen,No,Black or African American,2014-09-29,,N/A-StillEmployed,Active,Sales,Lynn Daneault,Indeed,Fully Meets,3.69,3,0,2019-01-28,0,18,No,No,49,3,Mid,No
48413,Production Technician I,1965-05-09,F,Single,US Citizen,No,White,2011-07-05,2016-09-05,return to school,Voluntarily Terminated,Production,Amy Dunn,Indeed,Fully Meets,3.98,4,0,2016-03-02,0,1,No,Yes,46,7,Senior,No
67176,Production Technician II,1975-09-16,M,Widowed,US Citizen,No,White,2007-06-25,2010-08-30,military,Voluntarily Terminated,Production,Webster Butler,Other,Fully Meets,4.1,4,0,2010-07-14,0,15,No,Yes,31,11,Senior,No
56339,Production Technician I,1967-06-05,F,Divorced,US Citizen,No,Black or African American,2013-02-18,,N/A-StillEmployed,Active,Production,Brannon Miller,Indeed,Fully Meets,4.21,5,0,2019-01-14,0,4,No,No,45,5,Mid,No
64397,Area Sales Manager,1968-01-15,M,Separated,US Citizen,No,White,2006-01-09,,N/A-StillEmployed,Active,Sales,Lynn Daneault,Indeed,Exceeds,4.1,3,0,2019-01-04,0,6,No,No,38,12,Senior,No
63025,Production Technician I,1983-05-16,F,Single,US Citizen,No,White,2014-02-17,,N/A-StillEmployed,Active,Production,David Stanley,LinkedIn,Needs Improvement,2.44,5,0,2019-02-11,4,18,No,No,30,4,Mid,No
75281,Network Engineer,1988-05-05,M,Married,US Citizen,No,White,2015-01-05,2016-02-12,medical issues,Voluntarily Terminated,IT/IS,Peter Monroe,CareerBuilder,Fully Meets,5.0,3,5,2015-04-15,0,11,Yes,Yes,26,3,Mid,Yes
100416,Software Engineer,1983-06-14,M,Single,Non-Citizen,No,Black or African American,2013-02-18,2018-04-15,medical issues,Voluntarily Terminated,Software Engineering,Alex Sweetwater,Diversity Job Fair,Fully Meets,4.6,3,4,2017-02-12,0,9,No,Yes,29,5,Mid,Yes
74813,Production Technician II,1985-03-15,F,Single,US Citizen,No,White,2011-01-10,2014-07-02,unhappy,Voluntarily Terminated,Production,Amy Dunn,LinkedIn,Fully Meets,4.4,3,0,2014-01-05,0,5,No,Yes,25,7,Senior,No
76029,Network Engineer,1969-03-31,M,Married,Eligible NonCitizen,No,White,2015-03-30,,N/A-StillEmployed,Active,IT/IS,Peter Monroe,Employee Referral,Fully Meets,5.0,4,7,2019-01-14,0,8,Yes,No,46,3,Mid,Yes
57859,Area Sales Manager,1991-05-23,F,Married,US Citizen,No,Two or more races,2011-07-05,,N/A-StillEmployed,Active,Sales,John Smith,Indeed,Fully Meets,2.81,3,0,2019-01-17,0,16,Yes,No,20,7,Senior,No
58523,Production Technician I,1987-01-31,M,Divorced,US Citizen,No,White,2012-08-13,2016-02-05,maternity leave - did not return,Voluntarily Terminated,Production,Kissy Sullivan,LinkedIn,Exceeds,4.5,5,0,2016-02-01,0,15,No,Yes,25,5,Mid,No
88976,Production Manager,1968-10-10,M,Divorced,US Citizen,No,White,2011-08-01,,N/A-StillEmployed,Active,Production,Janet King,Employee Referral,Fully Meets,3.93,3,0,2019-02-27,0,19,No,No,42,6,Senior,No
55875,Area Sales Manager,1989-07-11,M,Single,US Citizen,No,Asian,2012-03-05,,N/A-StillEmployed,Active,Sales,John Smith,Website,Fully Meets,4.5,4,0,2019-01-18,0,11,No,No,22,6,Senior,No
113999,Database Administrator,1986-08-07,M,Married,US Citizen,No,Black or African American,2015-02-16,2017-02-22,"no-call, no-show",Terminated for Cause,IT/IS,Simon Roup,Employee Referral,Fully Meets,4.33,3,7,2017-02-15,0,9,Yes,Yes,28,3,Mid,Yes
49773,Production Technician I,1986-06-03,F,Married,US Citizen,No,White,2011-09-26,2016-02-08,gross misconduct,Terminated for Cause,Production,Kelley Spirea,Google Search,Exceeds,4.3,5,0,2015-02-01,0,18,Yes,Yes,25,6,Senior,No
62068,Production Technician I,1985-04-06,F,Single,US Citizen,No,White,2015-07-05,,N/A-StillEmployed,Active,Production,Michael Albert,LinkedIn,Fully Meets,3.21,3,0,2019-01-29,0,7,No,No,30,3,Mid,No
66541,Production Technician II,1976-02-10,M,Single,US Citizen,No,Black or African American,2014-08-18,,N/A-StillEmployed,Active,Production,Ketsia Liebig,Employee Referral,Fully Meets,3.11,5,0,2019-02-12,0,4,No,No,38,3,Mid,No
80512,Production Manager,1955-11-14,F,Married,US Citizen,No,Black or African American,2011-09-26,2012-01-02,Another position,Voluntarily Terminated,Production,Janet King,Diversity Job Fair,Fully Meets,4.5,3,0,2012-01-02,0,5,Yes,Yes,55,6,Senior,No
50274,Production Technician I,1980-08-02,F,Single,US Citizen,No,White,2012-08-13,2015-09-01,career change,Voluntarily Terminated,Production,Elijiah Gray,CareerBuilder,Needs Improvement,2.5,3,0,2014-09-05,6,13,No,Yes,32,5,Mid,No
84903,Senior BI Developer,1981-07-08,M,Single,US Citizen,No,Asian,2017-02-15,,N/A-StillEmployed,Active,IT/IS,Brian Champaigne,Indeed,Fully Meets,3.42,4,7,2019-01-04,0,17,No,No,35,1,Junior,Yes
107226,Sr. Network Engineer,1978-05-02,F,Widowed,US Citizen,No,Asian,2015-03-30,,N/A-StillEmployed,Active,IT/IS,Peter Monroe,Employee Referral,Fully Meets,4.2,4,8,2019-02-05,0,7,No,No,36,3,Mid,Yes
58371,Production Technician I,1987-05-24,M,Single,US Citizen,Yes,White,2011-01-10,2014-05-15,hours,Voluntarily Terminated,Production,Webster Butler,LinkedIn,Fully Meets,5.0,5,0,2014-05-15,0,11,No,Yes,23,7,Senior,No
55140,Production Technician I,1965-09-09,M,Married,Eligible NonCitizen,No,White,2011-05-16,2015-09-07,unhappy,Voluntarily Terminated,Production,Amy Dunn,Website,Fully Meets,5.0,3,0,2015-02-15,0,7,Yes,Yes,45,7,Senior,No
58062,Production Technician I,1983-07-30,F,Divorced,US Citizen,No,White,2011-01-10,2012-05-14,Another position,Voluntarily Terminated,Production,Ketsia Liebig,Google Search,Fully Meets,3.6,5,0,2011-02-06,0,9,No,Yes,27,7,Senior,No
59728,Production Technician I,1969-10-02,F,Single,US Citizen,Yes,Black or African American,2012-01-09,2015-06-27,relocation out of area,Voluntarily Terminated,Production,Ketsia Liebig,Diversity Job Fair,Fully Meets,4.3,4,0,2014-06-02,0,16,No,Yes,42,6,Senior,No
70507,Production Technician II,1958-11-07,M,Single,US Citizen,No,White,2013-01-07,2016-02-21,retiring,Voluntarily Terminated,Production,Brannon Miller,LinkedIn,Exceeds,5.0,3,0,2016-01-19,0,7,No,Yes,54,5,Mid,No
60446,Production Technician II,1985-04-20,F,Single,US Citizen,No,White,2014-09-29,,N/A-StillEmployed,Active,Production,David Stanley,LinkedIn,Fully Meets,3.4,4,0,2019-02-21,0,14,No,No,29,3,Mid,No
65893,Production Technician II,1985-05-11,M,Single,US Citizen,No,White,2014-07-07,,N/A-StillEmployed,Active,Production,Kissy Sullivan,LinkedIn,Fully Meets,4.07,4,0,2019-02-28,0,13,No,No,29,4,Mid,No
48513,Production Technician I,1982-05-04,F,Single,US Citizen,No,Asian,2008-09-02,2015-09-29,Another position,Voluntarily Terminated,Production,Brannon Miller,Google Search,PIP,3.2,2,0,2015-09-02,5,4,No,Yes,26,9,Senior,No
220450,CIO,1979-08-30,F,Single,US Citizen,No,White,2010-04-10,,N/A-StillEmployed,Active,IT/IS,Janet King,Employee Referral,Exceeds,4.6,5,6,2019-02-21,0,16,No,No,30,8,Senior,Yes
89292,Data Analyst,1979-02-24,F,Single,US Citizen,No,White,2015-03-30,,N/A-StillEmployed,Active,IT/IS,Simon Roup,Employee Referral,Fully Meets,5.0,3,5,2019-02-01,0,11,No,No,36,3,Mid,Yes
45046,Production Technician I,1978-08-17,F,Widowed,US Citizen,No,Asian,2014-09-29,,N/A-StillEmployed,Active,Production,David Stanley,LinkedIn,Fully Meets,4.5,5,0,2019-01-30,0,2,No,No,36,3,Mid,No
